/*
 Navicat Premium Data Transfer

 Source Server         : localhost
 Source Server Type    : MySQL
 Source Server Version : 80032
 Source Host           : localhost:3306
 Source Schema         : ai_chatbot

 Target Server Type    : MySQL
 Target Server Version : 80032
 File Encoding         : 65001

 Date: 08/03/2023 15:46:31
*/

SET NAMES utf8mb4;
SET FOREIGN_KEY_CHECKS = 0;

-- ----------------------------
-- Table structure for auth_group
-- ----------------------------
DROP TABLE IF EXISTS `auth_group`;
CREATE TABLE `auth_group`  (
  `id` int NOT NULL AUTO_INCREMENT,
  `name` varchar(150) CHARACTER SET utf8mb3 COLLATE utf8mb3_general_ci NOT NULL,
  PRIMARY KEY (`id`) USING BTREE,
  UNIQUE INDEX `name`(`name` ASC) USING BTREE
) ENGINE = InnoDB AUTO_INCREMENT = 1 CHARACTER SET = utf8mb3 COLLATE = utf8mb3_general_ci ROW_FORMAT = Dynamic;

-- ----------------------------
-- Records of auth_group
-- ----------------------------

-- ----------------------------
-- Table structure for auth_group_permissions
-- ----------------------------
DROP TABLE IF EXISTS `auth_group_permissions`;
CREATE TABLE `auth_group_permissions`  (
  `id` bigint NOT NULL AUTO_INCREMENT,
  `group_id` int NOT NULL,
  `permission_id` int NOT NULL,
  PRIMARY KEY (`id`) USING BTREE,
  UNIQUE INDEX `auth_group_permissions_group_id_permission_id_0cd325b0_uniq`(`group_id` ASC, `permission_id` ASC) USING BTREE,
  INDEX `auth_group_permissio_permission_id_84c5c92e_fk_auth_perm`(`permission_id` ASC) USING BTREE,
  CONSTRAINT `auth_group_permissio_permission_id_84c5c92e_fk_auth_perm` FOREIGN KEY (`permission_id`) REFERENCES `auth_permission` (`id`) ON DELETE RESTRICT ON UPDATE RESTRICT,
  CONSTRAINT `auth_group_permissions_group_id_b120cbf9_fk_auth_group_id` FOREIGN KEY (`group_id`) REFERENCES `auth_group` (`id`) ON DELETE RESTRICT ON UPDATE RESTRICT
) ENGINE = InnoDB AUTO_INCREMENT = 1 CHARACTER SET = utf8mb3 COLLATE = utf8mb3_general_ci ROW_FORMAT = Dynamic;

-- ----------------------------
-- Records of auth_group_permissions
-- ----------------------------

-- ----------------------------
-- Table structure for auth_permission
-- ----------------------------
DROP TABLE IF EXISTS `auth_permission`;
CREATE TABLE `auth_permission`  (
  `id` int NOT NULL AUTO_INCREMENT,
  `name` varchar(255) CHARACTER SET utf8mb3 COLLATE utf8mb3_general_ci NOT NULL,
  `content_type_id` int NOT NULL,
  `codename` varchar(100) CHARACTER SET utf8mb3 COLLATE utf8mb3_general_ci NOT NULL,
  PRIMARY KEY (`id`) USING BTREE,
  UNIQUE INDEX `auth_permission_content_type_id_codename_01ab375a_uniq`(`content_type_id` ASC, `codename` ASC) USING BTREE,
  CONSTRAINT `auth_permission_content_type_id_2f476e4b_fk_django_co` FOREIGN KEY (`content_type_id`) REFERENCES `django_content_type` (`id`) ON DELETE RESTRICT ON UPDATE RESTRICT
) ENGINE = InnoDB AUTO_INCREMENT = 37 CHARACTER SET = utf8mb3 COLLATE = utf8mb3_general_ci ROW_FORMAT = Dynamic;

-- ----------------------------
-- Records of auth_permission
-- ----------------------------
INSERT INTO `auth_permission` VALUES (1, 'Can add log entry', 1, 'add_logentry');
INSERT INTO `auth_permission` VALUES (2, 'Can change log entry', 1, 'change_logentry');
INSERT INTO `auth_permission` VALUES (3, 'Can delete log entry', 1, 'delete_logentry');
INSERT INTO `auth_permission` VALUES (4, 'Can view log entry', 1, 'view_logentry');
INSERT INTO `auth_permission` VALUES (5, 'Can add permission', 2, 'add_permission');
INSERT INTO `auth_permission` VALUES (6, 'Can change permission', 2, 'change_permission');
INSERT INTO `auth_permission` VALUES (7, 'Can delete permission', 2, 'delete_permission');
INSERT INTO `auth_permission` VALUES (8, 'Can view permission', 2, 'view_permission');
INSERT INTO `auth_permission` VALUES (9, 'Can add group', 3, 'add_group');
INSERT INTO `auth_permission` VALUES (10, 'Can change group', 3, 'change_group');
INSERT INTO `auth_permission` VALUES (11, 'Can delete group', 3, 'delete_group');
INSERT INTO `auth_permission` VALUES (12, 'Can view group', 3, 'view_group');
INSERT INTO `auth_permission` VALUES (13, 'Can add user', 4, 'add_user');
INSERT INTO `auth_permission` VALUES (14, 'Can change user', 4, 'change_user');
INSERT INTO `auth_permission` VALUES (15, 'Can delete user', 4, 'delete_user');
INSERT INTO `auth_permission` VALUES (16, 'Can view user', 4, 'view_user');
INSERT INTO `auth_permission` VALUES (17, 'Can add content type', 5, 'add_contenttype');
INSERT INTO `auth_permission` VALUES (18, 'Can change content type', 5, 'change_contenttype');
INSERT INTO `auth_permission` VALUES (19, 'Can delete content type', 5, 'delete_contenttype');
INSERT INTO `auth_permission` VALUES (20, 'Can view content type', 5, 'view_contenttype');
INSERT INTO `auth_permission` VALUES (21, 'Can add session', 6, 'add_session');
INSERT INTO `auth_permission` VALUES (22, 'Can change session', 6, 'change_session');
INSERT INTO `auth_permission` VALUES (23, 'Can delete session', 6, 'delete_session');
INSERT INTO `auth_permission` VALUES (24, 'Can view session', 6, 'view_session');
INSERT INTO `auth_permission` VALUES (25, 'Can add info', 7, 'add_info');
INSERT INTO `auth_permission` VALUES (26, 'Can change info', 7, 'change_info');
INSERT INTO `auth_permission` VALUES (27, 'Can delete info', 7, 'delete_info');
INSERT INTO `auth_permission` VALUES (28, 'Can view info', 7, 'view_info');
INSERT INTO `auth_permission` VALUES (29, 'Can add role', 8, 'add_role');
INSERT INTO `auth_permission` VALUES (30, 'Can change role', 8, 'change_role');
INSERT INTO `auth_permission` VALUES (31, 'Can delete role', 8, 'delete_role');
INSERT INTO `auth_permission` VALUES (32, 'Can view role', 8, 'view_role');
INSERT INTO `auth_permission` VALUES (33, 'Can add user', 9, 'add_user');
INSERT INTO `auth_permission` VALUES (34, 'Can change user', 9, 'change_user');
INSERT INTO `auth_permission` VALUES (35, 'Can delete user', 9, 'delete_user');
INSERT INTO `auth_permission` VALUES (36, 'Can view user', 9, 'view_user');

-- ----------------------------
-- Table structure for auth_user
-- ----------------------------
DROP TABLE IF EXISTS `auth_user`;
CREATE TABLE `auth_user`  (
  `id` int NOT NULL AUTO_INCREMENT,
  `password` varchar(128) CHARACTER SET utf8mb3 COLLATE utf8mb3_general_ci NOT NULL,
  `last_login` datetime(6) NULL DEFAULT NULL,
  `is_superuser` tinyint(1) NOT NULL,
  `username` varchar(150) CHARACTER SET utf8mb3 COLLATE utf8mb3_general_ci NOT NULL,
  `first_name` varchar(150) CHARACTER SET utf8mb3 COLLATE utf8mb3_general_ci NOT NULL,
  `last_name` varchar(150) CHARACTER SET utf8mb3 COLLATE utf8mb3_general_ci NOT NULL,
  `email` varchar(254) CHARACTER SET utf8mb3 COLLATE utf8mb3_general_ci NOT NULL,
  `is_staff` tinyint(1) NOT NULL,
  `is_active` tinyint(1) NOT NULL,
  `date_joined` datetime(6) NOT NULL,
  PRIMARY KEY (`id`) USING BTREE,
  UNIQUE INDEX `username`(`username` ASC) USING BTREE
) ENGINE = InnoDB AUTO_INCREMENT = 2 CHARACTER SET = utf8mb3 COLLATE = utf8mb3_general_ci ROW_FORMAT = Dynamic;

-- ----------------------------
-- Records of auth_user
-- ----------------------------
INSERT INTO `auth_user` VALUES (1, 'pbkdf2_sha256$260000$QUnPtr8013d35VmnwyBHTu$/zXEOaOk5vPYWaXmxC4NboeqsmyvpYumLDNvC1VTqJ0=', '2023-03-08 15:42:32.384784', 1, 'admin', '', '', '12345@qq.com', 1, 1, '2023-03-08 14:44:29.040794');

-- ----------------------------
-- Table structure for auth_user_groups
-- ----------------------------
DROP TABLE IF EXISTS `auth_user_groups`;
CREATE TABLE `auth_user_groups`  (
  `id` bigint NOT NULL AUTO_INCREMENT,
  `user_id` int NOT NULL,
  `group_id` int NOT NULL,
  PRIMARY KEY (`id`) USING BTREE,
  UNIQUE INDEX `auth_user_groups_user_id_group_id_94350c0c_uniq`(`user_id` ASC, `group_id` ASC) USING BTREE,
  INDEX `auth_user_groups_group_id_97559544_fk_auth_group_id`(`group_id` ASC) USING BTREE,
  CONSTRAINT `auth_user_groups_group_id_97559544_fk_auth_group_id` FOREIGN KEY (`group_id`) REFERENCES `auth_group` (`id`) ON DELETE RESTRICT ON UPDATE RESTRICT,
  CONSTRAINT `auth_user_groups_user_id_6a12ed8b_fk_auth_user_id` FOREIGN KEY (`user_id`) REFERENCES `auth_user` (`id`) ON DELETE RESTRICT ON UPDATE RESTRICT
) ENGINE = InnoDB AUTO_INCREMENT = 1 CHARACTER SET = utf8mb3 COLLATE = utf8mb3_general_ci ROW_FORMAT = Dynamic;

-- ----------------------------
-- Records of auth_user_groups
-- ----------------------------

-- ----------------------------
-- Table structure for auth_user_user_permissions
-- ----------------------------
DROP TABLE IF EXISTS `auth_user_user_permissions`;
CREATE TABLE `auth_user_user_permissions`  (
  `id` bigint NOT NULL AUTO_INCREMENT,
  `user_id` int NOT NULL,
  `permission_id` int NOT NULL,
  PRIMARY KEY (`id`) USING BTREE,
  UNIQUE INDEX `auth_user_user_permissions_user_id_permission_id_14a6b632_uniq`(`user_id` ASC, `permission_id` ASC) USING BTREE,
  INDEX `auth_user_user_permi_permission_id_1fbb5f2c_fk_auth_perm`(`permission_id` ASC) USING BTREE,
  CONSTRAINT `auth_user_user_permi_permission_id_1fbb5f2c_fk_auth_perm` FOREIGN KEY (`permission_id`) REFERENCES `auth_permission` (`id`) ON DELETE RESTRICT ON UPDATE RESTRICT,
  CONSTRAINT `auth_user_user_permissions_user_id_a95ead1b_fk_auth_user_id` FOREIGN KEY (`user_id`) REFERENCES `auth_user` (`id`) ON DELETE RESTRICT ON UPDATE RESTRICT
) ENGINE = InnoDB AUTO_INCREMENT = 1 CHARACTER SET = utf8mb3 COLLATE = utf8mb3_general_ci ROW_FORMAT = Dynamic;

-- ----------------------------
-- Records of auth_user_user_permissions
-- ----------------------------

-- ----------------------------
-- Table structure for django_admin_log
-- ----------------------------
DROP TABLE IF EXISTS `django_admin_log`;
CREATE TABLE `django_admin_log`  (
  `id` int NOT NULL AUTO_INCREMENT,
  `action_time` datetime(6) NOT NULL,
  `object_id` longtext CHARACTER SET utf8mb3 COLLATE utf8mb3_general_ci NULL,
  `object_repr` varchar(200) CHARACTER SET utf8mb3 COLLATE utf8mb3_general_ci NOT NULL,
  `action_flag` smallint UNSIGNED NOT NULL,
  `change_message` longtext CHARACTER SET utf8mb3 COLLATE utf8mb3_general_ci NOT NULL,
  `content_type_id` int NULL DEFAULT NULL,
  `user_id` int NOT NULL,
  PRIMARY KEY (`id`) USING BTREE,
  INDEX `django_admin_log_content_type_id_c4bce8eb_fk_django_co`(`content_type_id` ASC) USING BTREE,
  INDEX `django_admin_log_user_id_c564eba6_fk_auth_user_id`(`user_id` ASC) USING BTREE,
  CONSTRAINT `django_admin_log_content_type_id_c4bce8eb_fk_django_co` FOREIGN KEY (`content_type_id`) REFERENCES `django_content_type` (`id`) ON DELETE RESTRICT ON UPDATE RESTRICT,
  CONSTRAINT `django_admin_log_user_id_c564eba6_fk_auth_user_id` FOREIGN KEY (`user_id`) REFERENCES `auth_user` (`id`) ON DELETE RESTRICT ON UPDATE RESTRICT,
  CONSTRAINT `django_admin_log_chk_1` CHECK (`action_flag` >= 0)
) ENGINE = InnoDB AUTO_INCREMENT = 1 CHARACTER SET = utf8mb3 COLLATE = utf8mb3_general_ci ROW_FORMAT = Dynamic;

-- ----------------------------
-- Records of django_admin_log
-- ----------------------------

-- ----------------------------
-- Table structure for django_content_type
-- ----------------------------
DROP TABLE IF EXISTS `django_content_type`;
CREATE TABLE `django_content_type`  (
  `id` int NOT NULL AUTO_INCREMENT,
  `app_label` varchar(100) CHARACTER SET utf8mb3 COLLATE utf8mb3_general_ci NOT NULL,
  `model` varchar(100) CHARACTER SET utf8mb3 COLLATE utf8mb3_general_ci NOT NULL,
  PRIMARY KEY (`id`) USING BTREE,
  UNIQUE INDEX `django_content_type_app_label_model_76bd3d3b_uniq`(`app_label` ASC, `model` ASC) USING BTREE
) ENGINE = InnoDB AUTO_INCREMENT = 10 CHARACTER SET = utf8mb3 COLLATE = utf8mb3_general_ci ROW_FORMAT = Dynamic;

-- ----------------------------
-- Records of django_content_type
-- ----------------------------
INSERT INTO `django_content_type` VALUES (1, 'admin', 'logentry');
INSERT INTO `django_content_type` VALUES (3, 'auth', 'group');
INSERT INTO `django_content_type` VALUES (2, 'auth', 'permission');
INSERT INTO `django_content_type` VALUES (4, 'auth', 'user');
INSERT INTO `django_content_type` VALUES (5, 'contenttypes', 'contenttype');
INSERT INTO `django_content_type` VALUES (7, 'index', 'info');
INSERT INTO `django_content_type` VALUES (6, 'sessions', 'session');
INSERT INTO `django_content_type` VALUES (8, 'user', 'role');
INSERT INTO `django_content_type` VALUES (9, 'user', 'user');

-- ----------------------------
-- Table structure for django_migrations
-- ----------------------------
DROP TABLE IF EXISTS `django_migrations`;
CREATE TABLE `django_migrations`  (
  `id` bigint NOT NULL AUTO_INCREMENT,
  `app` varchar(255) CHARACTER SET utf8mb3 COLLATE utf8mb3_general_ci NOT NULL,
  `name` varchar(255) CHARACTER SET utf8mb3 COLLATE utf8mb3_general_ci NOT NULL,
  `applied` datetime(6) NOT NULL,
  PRIMARY KEY (`id`) USING BTREE
) ENGINE = InnoDB AUTO_INCREMENT = 22 CHARACTER SET = utf8mb3 COLLATE = utf8mb3_general_ci ROW_FORMAT = Dynamic;

-- ----------------------------
-- Records of django_migrations
-- ----------------------------
INSERT INTO `django_migrations` VALUES (1, 'contenttypes', '0001_initial', '2023-03-08 14:44:03.870967');
INSERT INTO `django_migrations` VALUES (2, 'auth', '0001_initial', '2023-03-08 14:44:04.982872');
INSERT INTO `django_migrations` VALUES (3, 'admin', '0001_initial', '2023-03-08 14:44:05.122550');
INSERT INTO `django_migrations` VALUES (4, 'admin', '0002_logentry_remove_auto_add', '2023-03-08 14:44:05.133576');
INSERT INTO `django_migrations` VALUES (5, 'admin', '0003_logentry_add_action_flag_choices', '2023-03-08 14:44:05.145526');
INSERT INTO `django_migrations` VALUES (6, 'contenttypes', '0002_remove_content_type_name', '2023-03-08 14:44:05.220366');
INSERT INTO `django_migrations` VALUES (7, 'auth', '0002_alter_permission_name_max_length', '2023-03-08 14:44:05.273484');
INSERT INTO `django_migrations` VALUES (8, 'auth', '0003_alter_user_email_max_length', '2023-03-08 14:44:05.334413');
INSERT INTO `django_migrations` VALUES (9, 'auth', '0004_alter_user_username_opts', '2023-03-08 14:44:05.347415');
INSERT INTO `django_migrations` VALUES (10, 'auth', '0005_alter_user_last_login_null', '2023-03-08 14:44:05.394254');
INSERT INTO `django_migrations` VALUES (11, 'auth', '0006_require_contenttypes_0002', '2023-03-08 14:44:05.400238');
INSERT INTO `django_migrations` VALUES (12, 'auth', '0007_alter_validators_add_error_messages', '2023-03-08 14:44:05.413204');
INSERT INTO `django_migrations` VALUES (13, 'auth', '0008_alter_user_username_max_length', '2023-03-08 14:44:05.467095');
INSERT INTO `django_migrations` VALUES (14, 'auth', '0009_alter_user_last_name_max_length', '2023-03-08 14:44:05.523908');
INSERT INTO `django_migrations` VALUES (15, 'auth', '0010_alter_group_name_max_length', '2023-03-08 14:44:05.568402');
INSERT INTO `django_migrations` VALUES (16, 'auth', '0011_update_proxy_permissions', '2023-03-08 14:44:05.589347');
INSERT INTO `django_migrations` VALUES (17, 'auth', '0012_alter_user_first_name_max_length', '2023-03-08 14:44:05.642522');
INSERT INTO `django_migrations` VALUES (18, 'index', '0001_initial', '2023-03-08 14:44:05.674399');
INSERT INTO `django_migrations` VALUES (19, 'sessions', '0001_initial', '2023-03-08 14:44:05.713296');
INSERT INTO `django_migrations` VALUES (20, 'user', '0001_initial', '2023-03-08 14:44:05.811344');
INSERT INTO `django_migrations` VALUES (21, 'user', '0002_auto_20230308_1458', '2023-03-08 14:58:15.186250');

-- ----------------------------
-- Table structure for django_session
-- ----------------------------
DROP TABLE IF EXISTS `django_session`;
CREATE TABLE `django_session`  (
  `session_key` varchar(40) CHARACTER SET utf8mb3 COLLATE utf8mb3_general_ci NOT NULL,
  `session_data` longtext CHARACTER SET utf8mb3 COLLATE utf8mb3_general_ci NOT NULL,
  `expire_date` datetime(6) NOT NULL,
  PRIMARY KEY (`session_key`) USING BTREE,
  INDEX `django_session_expire_date_a5c62663`(`expire_date` ASC) USING BTREE
) ENGINE = InnoDB CHARACTER SET = utf8mb3 COLLATE = utf8mb3_general_ci ROW_FORMAT = Dynamic;

-- ----------------------------
-- Records of django_session
-- ----------------------------

-- ----------------------------
-- Table structure for info
-- ----------------------------
DROP TABLE IF EXISTS `info`;
CREATE TABLE `info`  (
  `id` int NOT NULL AUTO_INCREMENT,
  `question` varchar(100) CHARACTER SET utf8mb3 COLLATE utf8mb3_general_ci NOT NULL,
  `answer` varchar(100) CHARACTER SET utf8mb3 COLLATE utf8mb3_general_ci NOT NULL,
  `status` varchar(100) CHARACTER SET utf8mb3 COLLATE utf8mb3_general_ci NOT NULL,
  `owner` varchar(100) CHARACTER SET utf8mb3 COLLATE utf8mb3_general_ci NOT NULL,
  `create_time` datetime(6) NOT NULL,
  PRIMARY KEY (`id`) USING BTREE
) ENGINE = InnoDB AUTO_INCREMENT = 3 CHARACTER SET = utf8mb3 COLLATE = utf8mb3_general_ci ROW_FORMAT = Dynamic;

-- ----------------------------
-- Records of info
-- ----------------------------
INSERT INTO `info` VALUES (1, '你好啊', '嗯嗯嗯，好好好', '成功', 'admin', '2023-03-08 15:41:05.172829');
INSERT INTO `info` VALUES (2, '我想你了', '不想不想', '成功', 'admin', '2023-03-08 15:42:22.747779');

-- ----------------------------
-- Table structure for role
-- ----------------------------
DROP TABLE IF EXISTS `role`;
CREATE TABLE `role`  (
  `id` int NOT NULL AUTO_INCREMENT,
  `name` varchar(50) CHARACTER SET utf8mb3 COLLATE utf8mb3_general_ci NOT NULL,
  `abbreviation` varchar(32) CHARACTER SET utf8mb3 COLLATE utf8mb3_general_ci NULL DEFAULT NULL,
  `remark` varchar(128) CHARACTER SET utf8mb3 COLLATE utf8mb3_general_ci NULL DEFAULT NULL,
  `order` int NULL DEFAULT NULL,
  `create_time` datetime(6) NOT NULL,
  PRIMARY KEY (`id`) USING BTREE
) ENGINE = InnoDB AUTO_INCREMENT = 3 CHARACTER SET = utf8mb3 COLLATE = utf8mb3_general_ci ROW_FORMAT = Dynamic;

-- ----------------------------
-- Records of role
-- ----------------------------
INSERT INTO `role` VALUES (1, '管理员', 'admin', 'admin', 1, '2023-03-08 15:00:07.000000');
INSERT INTO `role` VALUES (2, '普通用户', 'user', 'user', 2, '2023-03-08 15:00:16.000000');

-- ----------------------------
-- Table structure for user
-- ----------------------------
DROP TABLE IF EXISTS `user`;
CREATE TABLE `user`  (
  `id` int NOT NULL AUTO_INCREMENT,
  `name` varchar(50) CHARACTER SET utf8mb3 COLLATE utf8mb3_general_ci NOT NULL,
  `password` varchar(50) CHARACTER SET utf8mb3 COLLATE utf8mb3_general_ci NOT NULL,
  `phone` varchar(11) CHARACTER SET utf8mb3 COLLATE utf8mb3_general_ci NOT NULL,
  `create_time` datetime(6) NOT NULL,
  `modify_time` datetime(6) NOT NULL,
  `description` longtext CHARACTER SET utf8mb3 COLLATE utf8mb3_general_ci NOT NULL,
  `role_id` int NOT NULL,
  `nickname` varchar(50) CHARACTER SET utf8mb3 COLLATE utf8mb3_general_ci NOT NULL,
  PRIMARY KEY (`id`) USING BTREE,
  INDEX `user_role_id_c3a87a3d_fk_role_id`(`role_id` ASC) USING BTREE,
  CONSTRAINT `user_role_id_c3a87a3d_fk_role_id` FOREIGN KEY (`role_id`) REFERENCES `role` (`id`) ON DELETE RESTRICT ON UPDATE RESTRICT
) ENGINE = InnoDB AUTO_INCREMENT = 3 CHARACTER SET = utf8mb3 COLLATE = utf8mb3_general_ci ROW_FORMAT = Dynamic;

-- ----------------------------
-- Records of user
-- ----------------------------
INSERT INTO `user` VALUES (1, '王五1', '123', '123', '2023-03-08 15:30:24.231147', '2023-03-08 15:30:24.231147', '', 2, '王五1');
INSERT INTO `user` VALUES (2, 'admin', '123', '123', '2023-03-08 15:43:06.000000', '2023-03-08 15:43:10.000000', '好孩子', 1, 'admin');

SET FOREIGN_KEY_CHECKS = 1;
